texts, polarity, subjectivity
If you‚Äôre not speaking against the stupidity that is then you‚Äôre in support of it.,-0.6,1
Btw^ the xenophobia and gender based violence (in South Africa) are two sides of the same coin. They are connected^ part of th‚Ä¶,0,0.125
I'm sorry if I thought the hashtag was tackling every type of a xenophobia I did not know w‚Ä¶,-0.5,1
VIDEO: Bicycles^ electronics^ grocery items looted as rioters break into outlet in Lagos,0,0
BATTLE OF XENOPHOBIA PLAYER RATINGS: Skales- 9/10 Perruzi - 9.5/10 Wizkid - 8/10 Kate Henshaw - -6115/10 Toke Makinwa -‚Ä¶,0,0
I think Burna boy is Right in defending his country but those tweets from AKA was purely about football and nothing to‚Ä¶,0.25,0.517857143
Nigeria is South Africa and South Africa is Nigeria. In th midst of all the BS^ Malema is still making sense.,0,0
"@ancestralgod: MUST WATCH!!! I just came across this on IG. What exactly did Nigerians do to south Africans?,0.25,0.25
Shout out to for speaking out first!,0.3125,0.3333333333333333
This kid almost brought me to tears. He talked about his friend that pa",0,0
BATTLE OF XENOPHOBIA PLAYER RATINGS: Skales- 9/10 Perruzi - 9.5/10 Wizkid - 8/10 Kate Henshaw - -6115/10 Toke Makinwa -‚Ä¶,0,0
Between 1960 to 1995 Nigeria donated over 61 million dollars to South Africa to fight apartheid. All‚Ä¶,0,0
VIDEO: Angry mob breaks into PEP store in Lagos^ steal clothes üìπ:,-0.5,1
2017 video of a South African Pastor angry that Nigerians are coming in a swinging their big big penis about^ and offering p‚Ä¶,-0.125,0.3
You see how the world is silent about this xenophobia going on in SAüò¢üò¢nobody is praying for Nigerians üò¢üò¢They want us to‚Ä¶,0,0.1
Meanwhile,0,0
Nigerians have started retaliating in South Africa. I heard Yoruba on the Background. This madness needs to stop!,0,0
South African Police have not shot any South African but Nigerian Police have already killed a Nigerian for a Peaceful Pro‚Ä¶,0.0125,0.125
Look at the extent of damage and looting inflicted on Surulere mall by some senseless Nigerians. I am ashamed of these ani‚Ä¶,0,0
The president of Ghana came out and strongly condemned Xenophobia in the strongest terms. When will the President of N‚Ä¶,0.433333333,0.733333333
If you're a Nigerian and you're yet to condemn what's happening in South Africa^ excuse me sir/ma you're a DIRTY C‚Ä¶,-0.325,0.425
She‚Äôs only apologising Cos of the damage it will bring to her account. Please don‚Äôt fall for it. Retweet if you see this on‚Ä¶,0,1
Feeding a starving dog is an act of generosity. So sad it repays with barks. Nigeria used it resources to stabilise‚Ä¶,-0.5,1
The danger of misinformation: It has the ability to create wars. No Nigerian foreign national was killed this week in‚Ä¶,-0.1625,0.0625
Xenophobia in this country disgusts me. I have never been more ashamed to be a citizen of this country.,0.5,0.5
I'm just looking at the things happening in South Africa and all I can say is wow üôÉ. Like how can so many kinds of evil exis‚Ä¶,-0.133333333,0.833333333
The one who killed his brother is not a warrior. - Igbo Proverb,-0.2,0
"Someone once went to Ibadan to ask the then sitting governor 'why are your pipo killing my pipo""? But can he go to SA gov‚Ä¶",0,0
"My South African brothers come let's discuss our issues here. Topic: ""Xenophobia of the 1950s still poke-nose in 2019""",0,0
How you get mad at your kin at the thought of them trying to make a living? 2019 and xenophobia still?,-0.625,1
SA isn‚Äôt better than us on this note^no good leaders would encourage xenophobia^we are all victims until we can have one v‚Ä¶,0.6,0.55
This kid almost brought me to tears. He talked about his friend that passed away due to the Xenophobia attacks in South A‚Ä¶,-0.125,0.375
Listen to this old man...we need leaders like him in our country.‚úä‚úä,0.1,0.2
i‚Äôm really glad nigerian celebrities are using their platform to call out xenophobia and that some sort of cultural protest is‚Ä¶,0.3,0.55
DSTV^ GoTV^ BBNaija^ MTN^ Shoprite^ all the SA products and services I know I'll try my best to boycott all^ dat's the best‚Ä¶,1,0.3
I stopped being bothered when people addressed Africa as a country a long time ago^ because what is better than being‚Ä¶,0.225,0.45
Meanwhile Khafi is d live-wire of this show whether you like it or not üòÅstan or no stan...she didn‚Äôt ask to av a fa‚Ä¶,0,0
Look at the extent of damage and looting inflicted on Surulere mall by some senseless Nigerians. I am ashamed of these ani‚Ä¶,0,0
What is your reaction to the recent in South Africa? Share your views.,0,0.25
Perhaps^ yall need to watch n share this,0,0
I don‚Äôt rate South African men at this point ... and I‚Äôm not trying to create any form of animosity between us and them (that‚Ä¶,0,0
Are you Comparing jollof war to Xenophobia ?,0,0
Btw^ the xenophobia and gender based violence (in South Africa) are two sides of the same coin. They are connected^ part of th‚Ä¶,0,0.125
The problem isn‚Äôt that Mexico isn‚Äôt paying or that the military is ‚Äúsacrificing‚Äù money to build it.‚Ä¶,-0.1,0.1
Who owns the Shoprite/MTN franchise? Nigerians! Who can't resume to work tomorrow? Nigerians! Who won't be able to feed thei‚Ä¶,0.5,0.625
Sir the strongly-worded letter you intend to write to about the,0,0
VIDEO: Bicycles^ electronics^ grocery items looted as rioters break into outlet in Lagos,0,0
Sleep well after the xenophobia.,0,0
Look at one South African that has sense,0,0
The truth is complicated. More than one thing can be true at once. But that‚Äôs not what we want. Right now you can‚Äôt‚Ä¶,0.158928571,0.671428571
"Received a call now quite long from a friend in Pretoria^ South Africa. ""those indigenes are killing our people from hous‚Ä¶",-0.05,0.4
Live and let‚Äôs live^ don‚Äôt take the live you didn‚Äôt give^ let love lead! Stop xenophobia South Africa,0.258522727,0.525
Perhaps^ yall need to watch n share this,0,0
South African Police have not shot any South African but Nigerian Police have already killed a Nigerian for a Peaceful Pro‚Ä¶,0.0125,0.125
Xenophobia in this country disgusts me. I have never been more ashamed to be a citizen of this country.,0.5,0.5
This is our women in South Africa! Heartbreaking,0,0
those burnt yesterday could have been my uncle^ I don't think I'd be watching TV if it had affected my family‚Ä¶,0,0
It's Only In South Africa That An illiterate Villager Thinks A Qualified Medical Doctor From Another African Country is T‚Ä¶,0,0.333333333
Insecurity within Nigeria and outside the country^ Nigerians are treated this way because of the failures of our greedy lead‚Ä¶,0,0.05
In a few weeks we'll commence filing cases against the Republic of South Africa and its Government Officials^ for State-spons‚Ä¶,-0.2,0.1
"Those of you writing ""Say no to Xenophobia"" on your whatsapp status^ do you even have South Africans on your contact list?‚Ä¶",0,0
Xenophobia: Angry mob storm Shoprite in Lagos^ threaten to burn down^ destroy mall,-0.285185185,0.42962963
In Kenya^ there is an estate that we nicknamed 'Small Lagos'. It's full of Nigerians. A few sell drugs^ sell‚Ä¶,-0.033333333,0.35
We underestimate the fragility of the line between patriotism and xenophobia &amp; we put group before morals^ sad tbh,-0.5,1
VICE PRESIDENT SPEECH ON XENOPHOBIA please dont forget to follow to get more update.,0.5,0.5
She‚Äôs only apologising Cos of the damage it will bring to her account. Please don‚Äôt fall for it. Retweet if you see this on‚Ä¶,0,1
Linda Ikeji &amp; Kemi Olunloyo are the same; Hypocritical baby mama &amp; controversialist Toke Makinwa ^ Kate Henshaw ^ Dre‚Ä¶,0,0.125
If you're a Nigerian or Nigerian business who had planned to be at the Wolrd Economic Forum Africa between the 4th an‚Ä¶,0.2,0.2
Omashola should be evicted from the bb house. He knows abt this attacks but he's not making any conscious effort to‚Ä¶,0.1,0.5
Prepaid President laid the foundation for xenophobia during his Y r we acting surprised? It‚Ä¶,0.05,0.45
That Trevor Noah‚Äôs statement was actually stupid. So the anger of xenophobia South Africans is justified^ but again‚Ä¶,-0.366666667,0.7
VIDEO: Bicycles^ electronics^ grocery items looted as rioters break into outlet in Lagos,0,0
My one man peaceful protest at their Surulere store this morning^ against,0.25,0.5
BATTLE OF XENOPHOBIA PLAYER RATINGS: Skales- 9/10 Perruzi - 9.5/10 Wizkid - 8/10 Kate Henshaw - -6115/10 Toke Makinwa -‚Ä¶,0,0
It is okay to be short of words^ speechless^ confused and frustrated about this matter. Be you a celebrity or re‚Ä¶,-0.15,0.425
My bro7. I want to congratulate a brother friend and billionaire for that I‚Äôll be giving out 200k to 5 different‚Ä¶,0,0
My dear South Africans^ Xenophobia will never stop or scare migrants into your country. When it rains^ it falls on al‚Ä¶,0,0
NO ! TO XENOPHOBIA . THE REAL FOREIGNERS ARRIVED HERE WHEN JAN VAN FUCKING REEBECK CAME TO THIS COUNTRY... BUT THEY H‚Ä¶,-0.2,0.55
This tweet isn't going to be about weed. I don't care how many followers I'd lose -I never cared either ways but this b‚Ä¶,0.5,0.5
Sadly^ I‚Äôm currently in South Africa and none of their major news outlets are covering their blatant xenophobia and monstrou‚Ä¶,-0.145833333,0.466666667
Xenophobia: Nigerians Retaliate On South African Firms In The Country,0,0
In South Africa they do this to their wives and women. What breaks my heart is that someone stood there recording n watchi‚Ä¶,0,0
Cant disagree with on this^ although I'll also add the current president of SA millionaire businessman Ramapho‚Ä¶,0,0.4
MTN office at bode Thomas Lagos Nigeria,0,0
South African Police have not shot any South African but Nigerian Police have already killed a Nigerian for a Peaceful Pro‚Ä¶,0.0125,0.125
SAY NO TO for awareness.,0,0
(Xenophobia)....THIS IS DEEP!!!....Please retweet this(very important) hopefully it will get to the right authorities in Nige‚Ä¶,-0.021428571,0.845238095
Nigerians are commissioned to raise every issue of Africa? Or have we been silencing everyone else concerning other matters?‚Ä¶,-0.125,0.375
Life of a Nigerian raised abroad. Abroad: Nigerians go home^ we don't want you!!! Nigeria: Go back!!! you are not Nig‚Ä¶,0,0
Dear South Africans^ In case you don‚Äôt know your history: Mandela was hidden in Nigeria from the apartheid Govt for 6 months‚Ä¶,-0.166666667,0.333333333
I Seriously wish Buhari is Alive to witness what's going on to Nigerians in South Africa and what happened to Protesters in‚Ä¶,-0.116666667,0.533333333
If you‚Äôre not speaking against the stupidity that is then you‚Äôre in support of it.,-0.6,1
SA women joining their men to oppress foreigners are the biggest clowns. They bond over xenophobia and attack foreigners as a‚Ä¶,0,0
When the enemy of your enemy becomes your friendüòÇüòÇüòÇ,0,0
I don‚Äôt rate South African men at this point ... and I‚Äôm not trying to create any form of animosity between us and them (that‚Ä¶,0,0
SAY NO TO for awareness.,0,0
has crossed the boundary of sanity this time. They've gone beyond the point of no return and nothing will fix‚Ä¶,0,0
Your people are attacking our Nigerian and Zimbabwean brothers and sisters. We will not visit. The culture of xenophobia ma‚Ä¶,0,0
I am saddened by the stories and videos coming out of South Africa. I‚Äôve also read reports that the Nigerian embassy in‚Ä¶,0,0
This young man here has more wisdom than most adults in South Africa. Especially .. TL:,0.275,0.6
I don't blame you 4 that i would be 2 if... This happe‚Ä¶,0,0
- Vandalization of MTN office in Uyo^ Akwa Ibom^ begins as protesters attack all the properties in the office at the m‚Ä¶,0,0
Xenophobia: ‚ÄòOur Brothers And Sisters Do Not Deserve This‚Äô- Twitter Agog Over South Africa Violence,0,0
What is the native language equivalent for ‚Äúxenophobia‚Äù in African traditional languages? Awan ode.,0,0.375
Nelson Mandela will be disappointed in South Africa.,-0.75,0.75
Leader says President silence is exacerbating xenophobia more than utteran‚Ä¶,0.5,0.5
What is Buhari doing about the xenophobia?,0,0
There's a demon that's not only dividing our country with xenophobia but it also dividing us by genders.üíîüíî,0,1
This is just like you pitching the kids in Somalia to go kill the other kids in Uganda beca‚Ä¶,-0.125,0.375
Say no to Xenophobia üí™üèø,0,0
He said he ‚Äòlived‚Äô there for sometime which means he isn‚Äôt there anymore. Has reading become a S‚Ä¶,0,0
People say why are celebrities not speaking out loud about the issue. Well remember when you people alw‚Ä¶,0.1,0.8
Anytime he opened his eyes to behold what was around him^ he closed them again and silently wished he were blind.‚Ä¶,-0.05,0.1
This will not end well. Looks like Nigerians are now retaliating in If there is leadership in this coun‚Ä¶,0,0
VIDEO: Bicycles^ electronics^ grocery items looted as rioters break into outlet in Lagos,0,0
(Xenophobia)....THIS IS DEEP!!!....Please retweet this(very important) hopefully it will get to the right authorities in Nige‚Ä¶,-0.021428571,0.845238095
During the apartheid era in Nigeria was one of the foremost supporters of anti-apartheid movements. The Nigeri‚Ä¶,0,0
Xenophobia: Nigerian mission in South Africa gives update,0,0
Just received reports of reprisal attacks at Shoprite in Lekki^ Lagos state. I know as Nigerians we are offended at the‚Ä¶,0,0
There are actually some educated illiterates that agree with Xenophobia. Na God go punish una! The heroes and legends you w‚Ä¶,0,0.1
,0,0
Vector has cancelled his South Africa tour because of this xenophobia BS üôåüèª how many times will i Stan today? üò© i reStan‚Ä¶,0.5,0.5
VIDEO: Bicycles^ electronics^ grocery items looted as rioters break into outlet in Lagos,0,0
South African Police have not shot any South African but Nigerian Police have already killed a Nigerian for a Peaceful Pro‚Ä¶,0.0125,0.125
She‚Äôs only apologising Cos of the damage it will bring to her account. Please don‚Äôt fall for it. Retweet if you see this on‚Ä¶,0,1
Man‚Äôs talking about stopping you‚Äôre worried about his Grammy.,0,0
üé•: Listen to this Professor explain the history of Xenophobia earlier this year when Malawi citizens were attacked in S‚Ä¶,0,0.5
One of the reasons why I will always choose Wizkid over Davido any time ..common sense over politics..ü§óü§ó,0,0
Ma^ everything is linked. Xenophobia is an ideological thing and ideologies don't grow in a day. D‚Ä¶,0,0
See Nigeria Turning Upside down... Ejor what has pep done? Ya'll see how we are doing ourselves? Some people might Just‚Ä¶,-0.155555556,0.288888889
Dear Nigerian leaders^ when your escorts slap us on the road and SARS officers shoot us dead while police brutality is use‚Ä¶,-0.2,0.4
We can not be foreigners in our own land ~ Chairman^ Somali Community in South Africa tells fellow Africans,0.6,1
üé•: Listen to this Professor explain the history of Xenophobia earlier this year when Malawi citizens were attacked in S‚Ä¶,0,0.5
The spirit has been awaken. A fearlessness to dare. I saw the energy and the awakening in Nigerians today at S‚Ä¶,0,0
After this xenophobia clean up is over^ we are going to donate Toke Makinwa^ MI Abaga and Kate Henshaw to South Africa.‚Ä¶,0.366666667,0.7
powerful message. So touching üíîüíîüíî,0.4,0.75
Long ago the 2 nations lived together with each others problems^ then everything changed when xenophobia attacked^‚Ä¶,-0.05,0.4
PEP Stores Bode Thomas outlet Surulere being looted earlier this evening. Sordid &amp; sad sight IMO!!!,-0.48828125,0.75
This actually makes sense now,0,0.1
The one who killed his brother is not a warrior. - Igbo Proverb,-0.2,0
Some Nigerians have started looting shops around Surulere^ at least the ones I've seen (PEP stores) Some of the people‚Ä¶,-0.3,0.4
During the apartheid era in Nigeria was one of the foremost supporters of anti-apartheid movements. The Nigeri‚Ä¶,0,0
Peruzzi to AKA - Come to Nigeria Burna boy to AKA - Next time I see you^ you‚Äôd need security Nigerians to AKA - Come to‚Ä¶,0,0
But really tho as a person everything that describes me is just so discriminated against. I am a female I am black I am an Af‚Ä¶,0.011111111,0.266666667
Someone said Shatta Wale doesn't understand the word 'Xenophobia' like he tweet already. üòÇ,0,0
I'm almost certain that most of the people who vandalized^ looted and wreaked havoc today on Lagos streets^ can't spell xen‚Ä¶,0.357142857,0.535714286
üé•: Listen to this Professor explain the history of Xenophobia earlier this year when Malawi citizens were attacked in S‚Ä¶,0,0.5
Xenophobia - homophobia I still don't understand how you think SMH,0,0
South Africans are known for bickering and xenophobia. They've always had this issue with Nigerians. In 2007^ Ico‚Ä¶,0,0
South African Police have not shot any South African but Nigerian Police have already killed a Nigerian for a Peaceful Pro‚Ä¶,0.0125,0.125
When people are not sure about their future^ when their economies are suffering^ when their personal fortunes are flagging‚Ä¶,-0.083333333,0.437962963
I'm almost certain that most of the people who vandalized^ looted and wreaked havoc today on Lagos streets^ can't spell xen‚Ä¶,0.357142857,0.535714286
Xenophobia: Don‚Äôt Attack South African Businesses^ Nigerian Govt Urges Citizens,0,0
There is no justification whatsoever to taking a human life. South Africans should employ legal mechanisms to deal with‚Ä¶,0.1,0.15
"@gidifeedtv: Nelson Mandela thanking Nigeria for fighting against apartheid. Nigeria gave black South Africans free educ‚Ä¶,0.11666666666666668,0.6166666666666667
powerful message. So touching üíîüíîüíî,0.4,0.75
We are not fighting them..we don kill ",0,0
In our stance against we extend a hand of love to helping Nigerians in South Africa willing to return home^ a‚Ä¶,0.375,0.675
(Xenophobia)....THIS IS DEEP!!!....Please retweet this(very important) hopefully it will get to the right authorities in Nige‚Ä¶,-0.021428571,0.845238095
Imagine serving 27 years in prison for south Africans? Mandela really played himself!,0.25,0.2
If you‚Äôre not speaking against the stupidity that is then you‚Äôre in support of it.,-0.6,1
BATTLE OF XENOPHOBIA PLAYER RATINGS: Skales- 9/10 Perruzi - 9.5/10 Wizkid - 8/10 Kate Henshaw - -6115/10 Toke Makinwa -‚Ä¶,0,0
‚ÄúBoycotting South African Businesses Not Solution To Xenophobia‚Äù ‚Äì Ycee,0,0
There can be no justification for any South African to attack people from other countries. These‚Ä¶,-0.0625,0.1875
Tomorrow at 13 people are gathering at Crossroads Mall to march to the S.A. Embassy in a peaceful protest to show displeas‚Ä¶,0.25,0.5
Dear Nigerian leaders^ when your escorts slap us on the road and SARS officers shoot us dead while police brutality is use‚Ä¶,-0.2,0.4
BATTLE OF XENOPHOBIA PLAYER RATINGS: Skales- 9/10 Perruzi - 9.5/10 Wizkid - 8/10 Kate Henshaw - -6115/10 Toke Makinwa -‚Ä¶,0,0
There are actually some educated illiterates that agree with Xenophobia. Na God go punish una! The heroes and legends you w‚Ä¶,0,0.1
Rape ka mo^ murder ka kwa^ xenophobia and looting over there^ cars^ people and buildings are being burnt. What the fuck.,-0.4,0.6
I think Burna boy is Right in defending his country but those tweets from AKA was purely about football and nothing to‚Ä¶,0.25,0.517857143
There are actually some educated illiterates that agree with Xenophobia. Na God go punish una! The heroes and legends you w‚Ä¶,0,0.1
There are actually some educated illiterates that agree with Xenophobia. Na God go punish una! The heroes and legends you w‚Ä¶,0,0.1
The xenophobia attacked caused by south Africa people to their fellow blacks it shows that a native of south Africa is lazy^ ar‚Ä¶,-0.25,1
Xenophobia: We‚Äôve Made Concrete Proposal To South African Government^ Says Nigeria‚Äôs Foreign Affairs Minister‚Ä¶,0.008333333,0.141666667
BATTLE OF XENOPHOBIA PLAYER RATINGS: Skales- 9/10 Perruzi - 9.5/10 Wizkid - 8/10 Kate Henshaw - -6115/10 Toke Makinwa -‚Ä¶,0,0
Stop killing yourselves^ stop fighting at all,0,0
Even in xenophobia moments you people still want mention ^ but hate to admit he's your biggest nightmare and head‚Ä¶,-0.8,0.9
Happening Now: Angry women disrupt sales at Shoprite Lekki in retaliation to the ongoing,-0.5,1
PEP Stores Bode Thomas outlet Surulere being looted earlier this evening. Sordid &amp; sad sight IMO!!!,-0.48828125,0.75
VIDEO: Bicycles^ electronics^ grocery items looted as rioters break into outlet in Lagos,0,0
This is a friend's brother in-laws shop being burnt down yesterday. Can you hear the pain in his voice?,-0.155555556,0.288888889
There are actually some educated illiterates that agree with Xenophobia. Na God go punish una! The heroes and legends you w‚Ä¶,0,0.1
By Now^ 20-40 Cargo Planes Would Have Been Sent To South Africa To Bring Nigerians Home By Now^ Two Nigeria Naval W‚Ä¶,0,0
all u need to do is retweet &amp;DM your full name address and phone number I will select randomly^ Pls if u won something the la‚Ä¶,-0.075,0.525
When the enemy of your enemy becomes your friendüòÇüòÇüòÇ,0,0
This attack and looting of shoprite is so senseless. Are you people who are advocating for this and those doing the dirty‚Ä¶,0,0
Xenophobia: Rappers YCee &amp; AKA Tackle Each Other: Xenophobia in South Africa especially on Nigerians is still being‚Ä¶,-0.0625,0.6875
BATTLE OF XENOPHOBIA PLAYER RATINGS: Skales- 9/10 Perruzi - 9.5/10 Wizkid - 8/10 Kate Henshaw - -6115/10 Toke Makinwa -‚Ä¶,0,0
Xenophobia: Buhari refused to act because most Nigerians killed in South Africa are Igbos ‚Äì Omokri claims,0.15,0.25
Hmmm what happens if i mute the word xenophobia,0,0
BATTLE OF XENOPHOBIA PLAYER RATINGS: Skales- 9/10 Perruzi - 9.5/10 Wizkid - 8/10 Kate Henshaw - -6115/10 Toke Makinwa -‚Ä¶,0,0
Stop killing Nigerians We didn‚Äôt take your Jobs Stop killing Nigerians We didn‚Äôt take your women Stop killing Nigeri‚Ä¶,0,0
This kid almost brought me to tears. He talked about his friend that passed away due to the Xenophobia attacks in South A‚Ä¶,-0.125,0.375
VIDEO: Bicycles^ electronics^ grocery items looted as rioters break into outlet in Lagos,0,0
"all the weird ""western civ"" americans extoll the virtues of a european identity and hail poland as an ur-example of doing x‚Ä¶",-0.166666667,0.333333333
This South Africans are mostly mad people^ imagine what a deputy Minister of Police is saying^ should this be actually comin‚Ä¶,-0.3125,0.55
Xenophobia is just an excuse for these people because they're too lazy to work so they basically stealing fr‚Ä¶,-0.15,0.525
Dear South Africans^ This message is for you. Listen^ grasp and drop the self-hate. Retweet widely so it gets to every South‚Ä¶,-0.1,0.4
This is a friend's brother in-laws shop being burnt down yesterday. Can you hear the pain in his voice?,-0.155555556,0.288888889
Xenophobia: Nigeria has fallen - Broda Shaggi recounts how policemen allegedly planted tramadol in his car during forceful‚Ä¶,-0.1,0.1
we have this xenophobia chat at least twice a year^ almost like it‚Äôs scheduled. this can‚Äôt be your brand^ South Africa‚Ä¶,-0.3,0.4
I'm ashamed at the no of Nigerian Celebrities laughing &amp; playing with South Africans when Nigerian‚Ä¶,0,0
The bottom line of this whole issue is that both governments failed in their duties. This is what both‚Ä¶,-0.15,0.35
An alleged drug dealer^ who is an undocumented Nigerian shot and killed a taxi driver. Nobody wants to talk about tha‚Ä¶,-0.033333333,0.066666667
Xenophobia in this country disgusts me. I have never been more ashamed to be a citizen of this country.,0.5,0.5
Ayiseyo competition yhe atrocities mtakabawo. Ndithi GBV ngapha; xenophobia on the other hand. Same SA which was built‚Ä¶,-0.0625,0.25
I told someone that it is better the street don‚Äôt get involve in this issue of because if they do which the‚Ä¶,0.5,0.5
This lady just gave Toke Makinwa gbas gbos as regards üòÇ üòÇ üòÅ üòÅ üòÅ üòÄ üòÄ,0,0
In Kenya^ there is an estate that we nicknamed 'Small Lagos'. It's full of Nigerians. A few sell drugs^ sell‚Ä¶,-0.033333333,0.35
Dear Nigerian leaders^ when your escorts slap us on the road and SARS officers shoot us dead while police brutality is use‚Ä¶,-0.2,0.4
A lot of business owners in malls are going to be in serious debt now but xenophobia still continues‚Ä¶,-0.333333333,0.666666667
Man‚Äôs talking about stopping you‚Äôre worried about his Grammy.,0,0
Everything. I have now seen everything. üò≠üòÇ,0,0
Maybe if we use the word corruption instead of xenophobia^ then the government will respond faster,0,0
Looting in progress in Shoprite^ Sangotedo. Rioters and touts seen running away with Flat screen TVs and electron‚Ä¶,-0.025,0.125
Really sad^ but i strongly agree with her. Close down and Say something mr President.,-0.074074074,0.674074074
Nigerians are commissioned to raise every issue of Africa? Or have we been silencing everyone else concerning other matters?‚Ä¶,-0.125,0.375
SA women joining their men to oppress foreigners are the biggest clowns. They bond over xenophobia and attack foreigners as a‚Ä¶,0,0
My one man peaceful protest at their Surulere store this morning^ against,0.25,0.5
Dear Nigerian leaders^ when your escorts slap us on the road and SARS officers shoot us dead while police brutality is use‚Ä¶,-0.2,0.4
Burna boy took a stand against xenophobia. He spoke like a man and called out those that were using the‚Ä¶,0,0
Say NO to violence. Say NO to looting. Say NO to Xenophobia. Say NO to criminality. Say - Let‚Äôs stand united and‚Ä¶,0,0
Many of you have the mindset of xenophobia^ the Nigerian environment is just not very convenient for you to unleash your‚Ä¶,0.2,0.4
Peruzzi to AKA - Come to Nigeria Burna boy to AKA - Next time I see you^ you‚Äôd need security Nigerians to AKA - Come to‚Ä¶,0,0
Do we start calling for sanctions^on South Africa because of xenophobia just like the days of apartheid and,0,0
We can not be foreigners in our own land ~ Chairman^ Somali Community in South Africa tells fellow Africans,0.6,1
Xenophobia: I Will Never Go To South Africa Again ‚Äì Burna Boy,0,0
Some said this earlier. 2 things are happening at the moment. 1. Nigerians angry about the xenophobia in south afr‚Ä¶,-0.25,0.75
Nigeria Government will never us. By this time next week^ this xenophobia thing will die down if measures aren't ta‚Ä¶,-0.077777778,0.144444444
XENOPHOBIA BY DAVID JONES DAVID THIS HAS TO STOP. UNITY IS WHAT WE NEED. I FEEL SO SAD.,-0.5,1
BATTLE OF XENOPHOBIA PLAYER RATINGS: Skales- 9/10 Perruzi - 9.5/10 Wizkid - 8/10 Kate Henshaw - -6115/10 Toke Makinwa -‚Ä¶,0,0
1.Xenophobia is the fear or hatred of that which is perceived to be foreign or strange.,-0.0875,0.1375
I‚Äôm just waiting for those fake pastors to start with^‚Äù I saw this xenophobia revelation ‚Äú yessss and you did what‚Ä¶,-0.5,1
Angry Nigerians successfully shutdown at Sangotedo.,0.125,0.975
Perhaps^ yall need to watch n share this,0,0
This AKA individual is so tone deaf. He totally missed an opportunity to simply clarify his earlier thoughts on the fo‚Ä¶,0,0.501785714
Twitter is very sensitive right now ^ you might tweet something^ having a good intention but it might come off as being‚Ä¶,0.371904762,0.711904762
Dear Nigerian leaders^ when your escorts slap us on the road and SARS officers shoot us dead while police brutality is use‚Ä¶,-0.2,0.4
South African Police have not shot any South African but Nigerian Police have already killed a Nigerian for a Peaceful Pro‚Ä¶,0.0125,0.125
The danger of misinformation: It has the ability to create wars. No Nigerian foreign national was killed this week in‚Ä¶,-0.1625,0.0625
Someone said Shatta Wale doesn't understand the word 'Xenophobia' like he tweet already. üòÇ,0,0
It is okay to be short of words^ speechless^ confused and frustrated about this matter. Be you a celebrity or re‚Ä¶,-0.15,0.425
My one man peaceful protest at their Surulere store this morning^ against,0.25,0.5
I just had to bring this video back on the TL,0,0
The looting of Shoprite outlets and breaking of windscreens and harassment of commuters by street urchins have nothing‚Ä¶,0,0
Soon there will be xenophobia on twitter^ we iPhone users will start beating de Android users üòÇ üòÇ üòÇ,0,0
I'm almost certain that most of the people who vandalized^ looted and wreaked havoc today on Lagos streets^ can't spell xen‚Ä¶,0.357142857,0.535714286
South African Police have not shot any South African but Nigerian Police have already killed a Nigerian for a Peaceful Pro‚Ä¶,0.0125,0.125
Ghanaians are being asked if they're Nigerian by police officers^ Ghanaians have had their homes invaded by police without w‚Ä¶,0,0
They were not part of the mob that killed^ beat and loot the Nigerians in South Africa but they sure as hell have a hand in t‚Ä¶,0.15,0.444444444
Happening now Students marching against xenophobia and gender-based violence on the UP Hatfield Campus,0,0
A conversation b/w a South African Police Officer and a concerned Nigerian. Please take your time to read Issay Thread üìå‚Ä¶,0,0
I don‚Äôt rate South African men at this point ... and I‚Äôm not trying to create any form of animosity between us and them (that‚Ä¶,0,0
In our stance against we extend a hand of love to helping Nigerians in South Africa willing to return home^ a‚Ä¶,0.375,0.675
BATTLE OF XENOPHOBIA PLAYER RATINGS: Skales- 9/10 Perruzi - 9.5/10 Wizkid - 8/10 Kate Henshaw - -6115/10 Toke Makinwa -‚Ä¶,0,0
Live at Kano ShopRite!!!! Let's do thisüòäüòäüíÉ,0.332919034,0.5
We can not be foreigners in our own land ~ Chairman^ Somali Community in South Africa tells fellow Africans,0.6,1
üíîüíîSay No to Xenophobia üíîüíî,0,0
(Xenophobia)....THIS IS DEEP!!!....Please retweet this(very important) hopefully it will get to the right authorities in Nige‚Ä¶,-0.021428571,0.845238095
South Africans blame Nigerians for all the bad things happening in their country and use that as an excuse for their xenopho‚Ä¶,-0.375,0.358333333
In South Africa they do this to their wives and women. What breaks my heart is that someone stood there recording n watchi‚Ä¶,0,0
Lizzy Chukwu^ Deputy DG of Chartered Insurance Institute of Nigeria went on an official trip to South Africa in June 2019‚Ä¶,0,0
HAPPENING NOW: Nigerian youths storm Jakande in Lekki Lagos. Eye witness reports confirmed to,0.4,1
This AKA individual is so tone deaf. He totally missed an opportunity to simply clarify his earlier thoughts on the fo‚Ä¶,0,0.501785714
Looting in progress in Shoprite^ Sangotedo. Rioters and touts seen running away with Flat screen TVs and electron‚Ä¶,-0.025,0.125
Insinuating that is not applying desirable momentum on the xenophobia in SA b/cos majority of the victims aren‚Ä¶,0,0
VIDEO: Bicycles^ electronics^ grocery items looted as rioters break into outlet in Lagos,0,0
Xenophobia: I Will Never Go To South Africa Again ‚Äì Burna Boy,0,0
Vector has cancelled his South Africa tour because of this xenophobia BS üôåüèª how many times will i Stan today? üò© i reStan‚Ä¶,0.5,0.5
In South Africa they do this to their wives and women. What breaks my heart is that someone stood there recording n watchi‚Ä¶,0,0
Please be careful sharing images and videos from South Africa. A lot of them are old^ including the police chief talki‚Ä¶,0,0.6
We can say ‚ÄúAFRICA UNITE‚Äù all we want. We need REAL^ PRACTICAL solutions to fight Xenophobia.,0.2,0.3
South African Police have not shot any South African but Nigerian Police have already killed a Nigerian for a Peaceful Pro‚Ä¶,0.0125,0.125
(Xenophobia)....THIS IS DEEP!!!....Please retweet this(very important) hopefully it will get to the right authorities in Nige‚Ä¶,-0.021428571,0.845238095
Who owns the Shoprite/MTN franchise? Nigerians! Who can't resume to work tomorrow? Nigerians! Who won't be able to feed thei‚Ä¶,0.5,0.625
They offered you a job and you refused it because of xenophobia. I won't forget that day!,0,0
If you're from South Africa and you base in Nigeria. Please reply me with your Location for A hangout.,-0.8,1
South African Police have not shot any South African but Nigerian Police have already killed a Nigerian for a Peaceful Pro‚Ä¶,0.0125,0.125
If an SA Official in charge of the Police feels this way about foreigners in his country^ then you can rest assured Nigerian‚Ä¶,0,0
Naija my country! This is too bad ooo! XENOPHOBIA turn to stealing? God help Naija from poverty oooo! Happens live‚Ä¶,-1,0.666666667
Sooo ... You are telling me that Nigerians ACTUALLY Believe that they are being KILLED in South Africa !?!?!?!?!?‚Ä¶,-0.305175781,0.05
what do you feel should be done right now concerning the ongoing xenophobia ...,0.285714286,0.535714286
Who owns the Shoprite/MTN franchise? Nigerians! Who can't resume to work tomorrow? Nigerians! Who won't be able to feed thei‚Ä¶,0.5,0.625
I have been warning elected officials for months about the coming‚Ä¶,0,0
Nigerians are using this xenophobia stuff to steal üòÇ If you wanna shutdown shop rite please protect our integrity n‚Ä¶,0,0
If you are wondering why Nigerians and is trending üëâüèø,0,0
Somalia will be far way better from this xenophobia land,0.3,0.75
Ycee Burna Boy Vector Peruzzi Wizkid Skales All proved that they‚Äôre our African Giants by speaking up against xenophobia‚Ä¶,0,0
Nigerians have had enough of it. How did we get here? Africans against Africans^ Blacks against Blacks ‚öîÔ∏è,0,0.5
BATTLE OF XENOPHOBIA PLAYER RATINGS: Skales- 9/10 Perruzi - 9.5/10 Wizkid - 8/10 Kate Henshaw - -6115/10 Toke Makinwa -‚Ä¶,0,0
the Nigerian Government should please find ways to protect its people in South Africa. this needs to be stopped^ it‚Äôs so he‚Ä¶,0,0
Looting in progress in Shoprite^ Sangotedo. Rioters and touts seen running away with Flat screen TVs and electron‚Ä¶,-0.025,0.125
South African Police have not shot any South African but Nigerian Police have already killed a Nigerian for a Peaceful Pro‚Ä¶,0.0125,0.125
South Africa is Africa‚Äôs largest &amp; most advanced economy that relies on rest of Africa to expand its Banks^ Supermarke‚Ä¶,0.45,0.55
If you‚Äôre not speaking against the stupidity that is then you‚Äôre in support of it.,-0.6,1
VIDEO: Bicycles^ electronics^ grocery items looted as rioters break into outlet in Lagos,0,0
Perhaps^ yall need to watch n share this,0,0
FACT!!! Not all Nigerians are drug dealers Not all Nigerians shot the taxi driver Not all jobs taken up by foreigners St‚Ä¶,0,0
I have however observed that the cause of this is not really known. A lot of people call it Xenopho‚Ä¶,-0.1,0.2
A list of things ABACHA would have done if South Africans tried this acts in his time ‚ÄúEvery Bad Person Ha‚Ä¶,-0.7,0.666666667
Xenophobia: I Will Never Go To South Africa Again ‚Äì Burna Boy,0,0
powerful message. So touching üíîüíîüíî,0.4,0.75
Looting in progress in Shoprite^ Sangotedo. Rioters and touts seen running away with Flat screen TVs and electron‚Ä¶,-0.025,0.125
Who owns the Shoprite/MTN franchise? Nigerians! Who can't resume to work tomorrow? Nigerians! Who won't be able to feed thei‚Ä¶,0.5,0.625
May the heavens shower us with seraphim and grace of the highest order of the ninefold celestial hi‚Ä¶,0,0
They spend loads of money to save you from apartheid some decades ago^ and you're killing them based on so called business com‚Ä¶,0,0
XENOPHOBIA IN CONTEXT Few years ago; I read a research that stated that during d last years of Apartheid^ Whites controlled 7‚Ä¶,-0.1,0.083333333
Say NO to violence. Say NO to looting. Say NO to Xenophobia. Say NO to criminality. Say - Let‚Äôs stand united and‚Ä¶,0,0
Classism^ tribal stereotypes of sometimes comic proportions^ as embedded in our subculture as Ghanaians^ is NOT and CANNOT‚Ä¶,0.25,0.5
Btw^ the xenophobia and gender based violence (in South Africa) are two sides of the same coin. They are connected^ part of th‚Ä¶,0,0.125
These people don cash out oü§£ü§£ü§£ü§£ My GodddüòÆ all in the name of fight against Xenophobia....üòÇüòÇüòÇüòÇüòÇüòÇ,0,0
This young man here has more wisdom than most adults in South Africa. Especially .. TL:,0.275,0.6
This kid almost brought me to tears. He talked about his friend that passed away due to the Xenophobia attacks in South A‚Ä¶,-0.125,0.375
It's so sad that the problem of Africa is Africans. Nigerians stood up in one accord against Apartheid in South Africa &amp; the‚Ä¶,-0.5,1
Perhaps^ yall need to watch n share this,0,0
someone said buhari hasnt done anything cuz he doesn‚Äôt know what xenophobia means and I believe.,0,0
- Vandalization of MTN office in Uyo^ Akwa Ibom^ begins as protesters attack all the properties in the office at the m‚Ä¶,0,0
police seen shooting a Nigerian who was trying to video them.,0,0
During the apartheid era in Nigeria was one of the foremost supporters of anti-apartheid movements. The Nigeri‚Ä¶,0,0
South Africans don't deserve Trevor Noah. Kindly This has to go viral.,0.6,0.9
The xenophobia attacked caused by south Africa people to their fellow blacks it shows that a native of south Africa‚Ä¶,0,0
Waiting for my subscription to expire then I'll destroy the damn dish and decoder and make the video public‚Ä¶,-0.2,0
Say no to Xenophobia üí™üèø,0,0
This man is the Deputy Minister of Police in South Africa. It can‚Äôt be hard to wonder who is funding and supporting the attack‚Ä¶,-0.020833333,0.395833333
South A. Xenophobia^ Nigerians call on boko haram^ videos and pictures that prove the hate in humans‚Ä¶,-0.8,0.9
BATTLE OF XENOPHOBIA PLAYER RATINGS: Skales- 9/10 Perruzi - 9.5/10 Wizkid - 8/10 Kate Henshaw - -6115/10 Toke Makinwa -‚Ä¶,0,0
The push back against globalization all around the world is sad to see^ white nationalism and xenophobia are intrinsically l‚Ä¶,-0.166666667,0.333333333
BATTLE OF XENOPHOBIA PLAYER RATINGS: Skales- 9/10 Perruzi - 9.5/10 Wizkid - 8/10 Kate Henshaw - -6115/10 Toke Makinwa -‚Ä¶,0,0
Just received reports of reprisal attacks at Shoprite in Lekki^ Lagos state. I know as Nigerians we are offended at the‚Ä¶,0,0
"Or it's only ""Xenophobia"" when foreigners are attacked?",0,1
Oh^ what are the SA enforcement agencies doing about xen‚Ä¶,0,0
^ the NGOs in SA have been quite as blacks attack each other^now let's see if they will keep quite‚Ä¶,0,0
During the apartheid era in Nigeria was one of the foremost supporters of anti-apartheid movements. The Nigeri‚Ä¶,0,0
Vector has cancelled his South Africa tour because of this xenophobia BS üôåüèª how many times will i Stan today? üò© i reStan‚Ä¶,0.5,0.5
üé•: Listen to this Professor explain the history of Xenophobia earlier this year when Malawi citizens were attacked in S‚Ä¶,0,0.5
Nigerians always have a way of turning a good fight to self destruction. Now it‚Äôs looting and stealing all in the name of‚Ä¶,0.7,0.6
Concerning xenophobia^ No more watching of VUZU or listening to jams from tipcee till this xenophobic drama ends.,-0.25,0.5
She‚Äôs only apologising Cos of the damage it will bring to her account. Please don‚Äôt fall for it. Retweet if you see this on‚Ä¶,0,1
Perhaps^ yall need to watch n share this,0,0
This is an odd take. Instead of you to be happy that more awareness is being brought to the attacks in South Africa you‚Ä¶,0.377777778,0.583333333
Burna Boy is right to cancel. A cultural and sports boycott by other African countries and artists is exactly what we d‚Ä¶,0.102142857,0.252142857
Burna Boy Amaru Shaku^ it's fuck you season. AKA fuck you MI fuck you MUIP fuck you Toke Makinwa fuck you South Africans‚Ä¶,-0.4,0.6
Looting in progress in Shoprite^ Sangotedo. Rioters and touts seen running away with Flat screen TVs and electron‚Ä¶,-0.025,0.125
"@gidifeedtv: Nelson Mandela thanking Nigeria for fighting against apartheid. Nigeria gave black South Africans free educ‚Ä¶,0.11666666666666668,0.6166666666666667
in my own personal view is driven by the ANC government which is scared of being attacked b",-0.125,0.375
Btw^ the xenophobia and gender based violence (in South Africa) are two sides of the same coin. They are connected^ part of th‚Ä¶,0,0.125
#NAME?,-0.077777778,0.144444444
My one man peaceful protest at their Surulere store this morning^ against,0.25,0.5
: Nigerian rapper^ Ycee and SA rapper^ AKA fight dirty on Twitter,-0.6,0.8
Lizzy Chukwu^ Deputy DG of Chartered Insurance Institute of Nigeria went on an official trip to South Africa in June 2019‚Ä¶,0,0
Xenophobia: Don‚Äôt Attack South African Businesses^ Nigerian Govt Urges Citizen,0,0
My one man peaceful protest at their Surulere store this morning^ against,0.25,0.5
"@gidifeedtv: Nelson Mandela thanking Nigeria for fighting against apartheid. Nigeria gave black South Africans free educ‚Ä¶,0.11666666666666668,0.6166666666666667
BREAKING: One person shot dead; Police van burnt at Circle Mall^ Jakande^ Lagos corresponde",0,0
The only thing that can stop Xenophobia talk rn Big Brother : Tacha^ you have gotten your third strike. Leave the big brothe‚Ä¶,0,0.3
There's right wing populism on the one hand^ rampant xenophobia in the hinterlands^ Labour is‚Ä¶,0.285714286,0.535714286
There are actually some educated illiterates that agree with Xenophobia. Na God go punish una! The heroes and legends you w‚Ä¶,0,0.1
Some Nigerians have started looting shops around Surulere^ at least the ones I've seen (PEP stores) Some of the people‚Ä¶,-0.3,0.4
VIDEO: Bicycles^ electronics^ grocery items looted as rioters break into outlet in Lagos,0,0
Btw^ the xenophobia and gender based violence (in South Africa) are two sides of the same coin. They are connected^ part of th‚Ä¶,0,0.125
Two men freely talking about raping women in South Africa.,0.4,0.8
Most South Africans will act like they didn't see this video^ he is one of the few South African I respect. Watch video‚Ä¶,0.1,0.2
If you‚Äôre not speaking against the stupidity that is then you‚Äôre in support of it.,-0.6,1
